{"epochs": 327, "learning_rate": 0.006415731324483572, "learning_rate_decay_factor": 0.5283718847748426, "weight_decay": 4.722471504940678e-08, "num_quantiles": 80}