{"epochs": 334, "learning_rate": 0.00020122811163700603, "learning_rate_decay_factor": 0.283951731448596, "weight_decay": 8.564701478093447e-09, "num_quantiles": 65}