{"epochs": 235, "learning_rate": 0.002675343128921739, "learning_rate_decay_factor": 0.7188073080896524, "weight_decay": 5.666612909345635e-09, "num_quantiles": 49}