{"epochs": 474, "learning_rate": 0.00023946721735196308, "learning_rate_decay_factor": 0.6898245880780415, "weight_decay": 5.036032509222127e-09, "num_quantiles": 23}